{
  "project_info": {
    "project_number": "213254102712",
    "project_id": "geststock-760f1",
    "storage_bucket": "geststock-760f1.appspot.com"
  },
  "client": [
    {
      "client_info": {
        "mobilesdk_app_id": "1:213254102712:android:ea4a0619286c59f14c5e4d",
        "android_client_info": {
          "package_name": "com.example.geststock"
        }
      },
      "oauth_client": [],
      "api_key": [
        {
          "current_key": "AIzaSyArOk25rfGu8CgBTXdyqcOKn7DMMHvAqzc"
        }
      ],
      "services": {
        "appinvite_service": {
          "other_platform_oauth_client": []
        }
      }
    }
  ],
  "configuration_version": "1"
}